"영화명","누적매출액","누적관객수","스크린수","상영횟수","개봉일","배급사","등급","장르","감독","주연","제작사","조연","cluster"
"1987",58169776145,7232387,1299,138226,"2017-12-27","CJ ENM","15세이상관람가","드라마","장준환","김윤석,하정우,유해진,김태리,박희순,이희준","(주)우정필름",",유승목,현봉식,박지환,이용직,박지홍,김경덕,김의성,최광일,김수진,김종수,김혜정,조우진,임철형,이창훈,서현우,이현균,김승훈,박경혜,이화룡",3
"7급 공무원",26380710000,4039891,475,90779,"2009-04-22","롯데쇼핑㈜롯데엔터테인먼트","12세이상관람가","코미디,액션,드라마,범죄","신태라","김하늘,강지환","(주)하리마오픽쳐스,(주)영화사수작,(주)디씨지플러스",",류승룡,장영남,강신일,도마첸코 바딤,엘리자베스 수진 포드,코디 헌터,장남열,김정팔,유승목,김형종,김형범,박성민",1
"82년생 김지영",30298542310,3678156,1486,145441,"2019-10-23","롯데컬처웍스(주)롯데엔터테인먼트","12세이상관람가","드라마","김도영","정유미,공유","(주)봄바람영화사",",김미경,공민정,박성연,이봉련,김성철,이얼,김미경,손성찬,강애심,류아영,김정영",1
"가문의 위기(가문의 영광2)",28622355500,4529876,351,61009,"2005-09-07","(주)쇼박스","15세관람가","코미디","정용기","신현준,김원희,김수미","(주)태원엔터테인먼트",",탁재훈,공형진,임형준,정준하,김해곤,정호빈",2
"감기",21774884000,3117859,806,55046,"2013-08-14","아이러브시네마","15세이상관람가","드라마,어드벤처,액션","김성수","장혁,수애,박민하","아이러브시네마,(주)아이필름홀딩스,(주)씨제이이엔엠",",유해진,이희준,김기현,이상엽,박효주,박정민,보리스 스타웃,김문수,최병모,장경업,앤드류 윌리엄 브랜드",1
"감시자들",39380162179,5508017,949,100309,"2013-07-03","(주)넥스트엔터테인먼트월드(NEW)","15세이상관람가","범죄,액션","조의석,김병서","설경구,정우성,한효주","영화사 집",",김병옥,진경,준호,손민석,김대진,이태형,강신하,이동휘,이화정,박지훈,김지훈,성일,변요한,장원형,박지연,최원,변정현,이동진,이도윤,정재호,김준우,이현균",2
"강철비",35490346466,4452850,1426,80359,"2017-12-14","(주)넥스트엔터테인먼트월드(NEW)","15세이상관람가","액션,드라마","양우석","정우성,곽도원","(주)와이웍스엔터테인먼트,(주)모팩","김갑수,김의성,이경영,조우진,정원중,장현성,김명곤,박은혜,박선영,안미나,원진아,이재용,이윤건,김형종",2
"강철중: 공공의 적 1-1",28638460100,4313101,707,74157,"2008-06-19","CJ ENM,(주)시네마서비스","15세이상관람가","드라마,액션","강우석","설경구,정재영","(주)시네마서비스글로벌,(주)시네마서비스",",강신일,문성근,이문식,유해진,정원중,김남길,연제욱",1
"거북이 달린다",20618276000,3024666,432,69946,"2009-06-11","(주)쇼박스","15세이상관람가","드라마,액션,범죄","이연우","김윤석,정경호,견미리,선우선","(주)씨네이천",",김지나,신정근,최권,차은재,주진모,이무생,유하복,임형택,김희원",1
"건축학개론",30223590400,4111237,593,106069,"2012-03-22","롯데쇼핑㈜롯데엔터테인먼트","12세이상관람가","멜로/로맨스,드라마","이용주","엄태웅,한가인,이제훈,수지","(주)명필름",",조정석,유연석,김동주,이승호,김의성,박수영,조현철",1
"검사외전",77320403264,9707581,1812,153532,"2016-02-03","(주)쇼박스","15세이상관람가","범죄,코미디","이일형","황정민,강동원","(주)영화사 월광,(주)사나이픽처스",",이성민,박성웅,김응수,신소율,박종환,한재영,주진모,김원해,전배수,김홍파,김병옥,박지환,이호철,손종학,김종수,추귀정,민무제",3
"검은 사제들",42409600592,5442915,1109,131177,"2015-11-05","CJ ENM","15세이상관람가","미스터리,드라마","장재현","김윤석,강동원","영화사 집",",박소담,김의성,손종학,이호재,남일우,김병옥,조수향,박웅,이정열,김소숙,민진웅,유수미",2
"곡성",55864308382,6879989,1485,130332,"2016-05-12","이십세기폭스코리아(주)","15세이상관람가","미스터리,스릴러,드라마","나홍진","곽도원,황정민,쿠니무라 준,천우희,김환희","(주)사이드미러,이십세기폭스 인터내셔널 프로덕션",",허진,장소연,김도윤,손강국,박성연,길창규,전배수,정미남,최귀화",3
"공공의 적 2",20091127000,3134421,299,40642,"2005-01-27","(주)시네마서비스","15세관람가","드라마","강우석","설경구,정준호","(주)시네마서비스",",강신일,박근형,변희봉,임승대,박상욱,엄태웅,정규수",1
"공작",42795690816,4975517,1317,99122,"2018-08-08","CJ ENM","12세이상관람가","드라마","윤종빈","황정민,이성민,조진웅,주지훈","(주)영화사 월광,(주)사나이픽처스",",김홍파,정소리,기주봉,김응수,채용,박진영,남문철,최병모,김인우,정기섭,이승준,양현민,허승,엄지만,백승익,권범택,최정인,김소진,박혜영,곽자형,김지나,조주희",2
"공조",63783303326,7817654,1392,142991,"2017-01-18","CJ ENM","15세이상관람가","액션","김성훈","현빈,유해진,김주혁","(주)제이케이필름,(주)씨제이이엔엠,영화사 이창,(주)에이치비엔터테인먼트",",장영남,이동휘,윤아,공정환,이해영,박민하,전국환,엄효섭,이이경,신현빈,박진우,박형수",3
"과속스캔들",53800771400,8223266,408,145555,"2008-12-03","롯데쇼핑㈜롯데엔터테인먼트","12세이상관람가","코미디","강형철","차태현,박보영,왕석현","(주)토일렛픽쳐스,(주)디씨지플러스",",임지규,황우슬혜,임승대,정원중,김기방,박영서",3
"관상",66009791500,9135802,1240,125105,"2013-09-11","(주)쇼박스","15세이상관람가","사극,드라마","한재림","송강호,이정재,백윤식,조정석,이종석,김혜수","(주)주피터필름,(주)쇼박스",",김의성,정규수,채상우,이윤건,이도엽,유상재",3
"국가대표",57570773000,8035181,570,131671,"2009-07-29","(주)쇼박스","12세이상관람가","드라마,액션,코미디","김용화","하정우,성동일,김지석,김동욱,최재환,이재응,이은성","케이엠컬쳐㈜",",이한위,이혜숙,김지영,현쥬니,황하나",3
"국가부도의 날",30893315837,3755233,1180,101077,"2018-11-28","CJ ENM","12세이상관람가","드라마","최국희","김혜수,유아인,허준호,조우진,뱅상 카셀","영화사 집",",김홍파,엄효섭,송영창,권해효,조한철,류덕환,박진주,장성범,전배수,염혜란,김형묵,동하,김민상,정규수",1
"군도: 민란의 시대",36989711499,4775441,1394,67252,"2014-07-23","(주)쇼박스","15세이상관람가","사극,액션","윤종빈","하정우,강동원","(주)영화사 월광,(주)쇼박스",",이경영,이성민,조진웅,마동석,윤지혜,주진모,송영창,정만식,김병옥,김종구,김성균,강현중,김재영,임현성",2
"군함도",50510565168,6592151,2027,108775,"2017-07-26","CJ ENM","15세이상관람가","액션,드라마","류승완","황정민,소지섭,송중기,이정현,김수안","(주)외유내강,(주)필름케이",",이경영,김민재,김중희,김인우,신승환,백승철,윤경호,장성범",3
"귀향",27249801990,3587182,876,90288,"2016-02-24","(주)와우픽쳐스","15세이상관람가","드라마","조정래","강하나,최리,박지희,서미지,홍세나,김시은,남상지,정무성,류신,임성철,이승현","주식회사 제이오엔터테인먼트코리아",",오지혜,정인기,김민수,박충환,윤정로",1
"그것만이 내 세상",27456797382,3420172,956,95437,"2018-01-17","CJ ENM","12세이상관람가","코미디,드라마","최성현","이병헌,윤여정,박정민","(주)제이케이필름,(주)씨제이이엔엠",",문숙,최리,황석정,백현진,조관우,박지훈,김서원,홍석연",1
"꾼",31313568795,4018341,1314,117419,"2017-11-22","(주)쇼박스","15세이상관람가","범죄","장창원","현빈,유지태,배성우,박성웅,나나,안세하","(주)영화사두둥",",최덕문,최일화,허성태,김태훈",1
"끝까지 간다",27007303900,3450305,645,84876,"2014-05-29","(주)쇼박스","15세이상관람가","액션,스릴러,범죄","김성훈","이선균,조진웅","(주)에이디사공육,(주)다세포클럽",",신정근,정만식,신동미,김동영,주석태,허정은,박보검,이재원",1
"나쁜 녀석들: 더 무비",39560195124,4573902,1511,113938,"2019-09-11","CJ ENM","15세이상관람가","범죄,액션","손용호","마동석,김상중,김아중,장기용","(주)씨제이이엔엠,(주)영화사비단길",",박효준,김인우,이재윤,박원상,조영진,박형수,박상욱,한정현,전익령,김형묵,윤병희,지승현,강영묵",2
"남한산성",31225419792,3849129,1229,71102,"2017-10-03","CJ ENM","15세이상관람가","사극,드라마","황동혁","이병헌,김윤석,박해일,고수,박희순","(주)싸이런픽쳐스",",송영창,조우진,이다윗,허성태,김법래,조아인,진선규,유순웅,박지일,최종률,문창길,김서현,김중기,윤세웅,신기준,곽자형",1
"내 아내의 모든 것",34224467500,4598985,563,91777,"2012-05-17","(주)넥스트엔터테인먼트월드(NEW)","15세이상관람가","코미디,멜로/로맨스","민규동","임수정,이선균,류승룡","(주)수필름,영화사 집",",이광수,김효준,이도아,김은경,염해란,이새로미,이진희,하복음",2
"내부자들",56599221057,7072507,1129,152636,"2015-11-19","(주)쇼박스","청소년관람불가","범죄,드라마","우민호","이병헌,조승우,백윤식","(유)내부자들 문화전문회사",",이경영,김홍파,배성우,조재윤,김대명,조우진,이엘,정만식,김병옥,김의성,박진우,남일우",3
"늑대소년",46593140500,6654842,854,109134,"2012-10-31","CJ ENM","15세이상관람가","멜로/로맨스,드라마,판타지","조성희","송중기,박보영","(주)영화사비단길",",장영남,유연석,김향기,이영란,유승목,서동수,우정국,남정희,구본임,안도규,신비",3
"댄싱퀸",30130775500,4058225,544,80988,"2012-01-18","CJ ENM","12세이상관람가","코미디,드라마","이석훈","황정민,엄정화","(주)제이케이필름,(주)씨제이이엔엠",",이한위,정성화,라미란,이대연,정규수,서동원,오나라,최우리,한수아,이아린,박사랑,박정민,여무영,권병길,성병숙",1
"더 킹",43492302535,5317959,1310,107985,"2017-01-18","(주)넥스트엔터테인먼트월드(NEW)","15세이상관람가","범죄,드라마","한재림","조인성,정우성,배성우,김아중,류준열","(주)매그넘나인",",김의성,김민재,정성모,정은채,김소진,황승언,오대환,정인기,송영창,고아성,박정민,조우진,정원중,류태호,한수연,이주연,성동일,이열음,김규선,장명갑,송형수,남문철,남명렬,최귀화",2
"더 테러 라이브",39869706381,5584139,809,93488,"2013-07-31","롯데쇼핑㈜롯데엔터테인먼트","15세이상관람가","범죄,기타","김병우","하정우,이경영,전혜진","(주)씨네이천",",이다윗,김소진,김홍파,김해인,한수현,이청희,강진아,강신철,최진호,김대명",2
"덕혜옹주",44395967609,5599665,964,97323,"2016-08-03","롯데쇼핑㈜롯데엔터테인먼트","12세이상관람가","사극,드라마","허진호","손예진,박해일","(주)하이브미디어코프,(주)영화사호필름 ,(주)디씨지플러스",",라미란,정상훈,박수영,김소현,박주미,안내상,토다 나호,윤제문,김재욱,여회현,신린아,이효제,이채은,이세나,김승훈,도용구,아키바 리에,이승진,금새록,류 다이스케,이황의,정세형,안상우,송서하,이중현",2
"도가니",35566892800,4662829,756,88339,"2011-09-22","CJ ENM","청소년관람불가","드라마","황동혁","공유,정유미","(주)삼거리픽쳐스,(주)판타지오",",김현수,정인서,백승환,장광,김민상,임현성,김주령,엄효섭,전국환,최진호,권홍석,김지영,박혜진,김지영,엄지성,장유,남명렬",2
"독전",43486831113,5063844,1532,140008,"2018-05-22","(주)넥스트엔터테인먼트월드(NEW)","15세이상관람가","범죄,액션","이해영","조진웅,류준열,김주혁,김성령,박해준","(주)용필름,보야저필름",",남문철,서현우,강승현,정준원,정가람,진서연,김동영,이주영,금새록",2
"돈",28870244062,3389125,1431,120809,"2019-03-20","(주)쇼박스","15세이상관람가","범죄","박누리","류준열,유지태,조우진","(주)사나이픽처스,(주)영화사 월광",",김재영,김민재,정만식,원진아,김종수,손종학,임세미,진선규",1
"디워",49340084700,7855474,622,96439,"2007-08-01","(주)쇼박스","12세이상관람가","액션,판타지","심형래","제이슨 베어,아만다 브룩스,크레이그 로빈슨,엘리자베스 페나,로버트 포스터","㈜영구아트",",크리스 멀키,에이미 가르시아,존 알레스,빌리 가델",3
"럭키",56445023256,6975571,1234,155990,"2016-10-13","(주)쇼박스","15세이상관람가","코미디","이계벽","유해진,이준,조윤희,임지연","(주)용필름",",조한철,김민상,차엽,김지안,성병숙,박승태,고준,이용녀,금광산,김한규,차순형,이승철,이성욱,정희태,이동용,김서현,송요셉",3
"마녀",27242029463,3189091,1117,90843,"2018-06-27","워너브러더스 코리아(주)","15세이상관람가","미스터리,액션","박훈정","김다미,조민수,박희순,최우식","(주)영화사 금월,(주)페퍼민트앤컴퍼니",",고민시,최정우,오미희,정다은,김병옥,이주원,김하나,이시우",1
"마스터",58068236865,7150586,1501,126927,"2016-12-21","CJ ENM","15세이상관람가","액션,범죄","조의석","이병헌,강동원,김우빈,엄지원,오달수,진경","영화사 집",",정원중,유연수,조현철,박해수,우도환,이순원,배정남,정수교,김정우,허형규,주석태",3
"말아톤",26284943000,4196840,238,59493,"2005-01-27","(주)쇼박스","전체관람가","드라마","정윤철","조승우,김미숙","시네라인투(주)",",이기영,백성현,안내상",1
"미녀는 괴로워",36292848900,6081480,418,87141,"2006-12-14","(주)쇼박스","12세이상관람가","멜로/로맨스,코미디","김용화","주진모,김아중","리얼라이즈픽쳐스(주),케이엠컬쳐㈜",",성동일,김현숙,임현식,이한위,지서윤,박노식,명규,정성윤,베니",2
"밀정",61270079831,7500457,1444,138162,"2016-09-07","워너브러더스 코리아(주)","15세이상관람가","액션","김지운","송강호,공유","(주)다크서클픽쳐스,워너브러더스 코리아(주),(주)영화사하얼빈",",한지민,엄태구,신성록,허성태,이설구,츠루미 신고,정유안,김동영,고준,서영주,권수현,이환,곽자형,유상재,조영규,최유화,한수연,남문철,김수웅,최장원,허형규,백인권,정도원,이수광,다케다 히로미츠,성일,김의건,포스터 B. 버든,이조 오이카와,이케베 카즈히코",3
"바람과 함께 사라지다",34614661161,4909937,694,78591,"2012-08-08","(주)넥스트엔터테인먼트월드(NEW)","12세이상관람가","코미디,사극","김주호","차태현,오지호,민효린,성동일,신정근,고창석","(주)두타연,(주)에이디사공육",",송종호,이채영,천보근,김향기,김길동,김구택,독고준",2
"박수건달",28379548569,3897969,603,60604,"2013-01-09","(주)쇼박스","15세이상관람가","코미디","조진규","박신양,김정태,엄지원,정혜영","주식회사 제이앤피,박수건달문화산업전문(유),(주)쇼박스",",김성균,최일화,최지호,김형범,박정자,윤송이",1
"백두산",52905789770,6290502,1971,99915,"2019-12-19","(주)씨제이이엔엠,(주)덱스터스튜디오","12세이상관람가","어드벤처,드라마","이해준,김병서","이병헌,하정우,마동석,전혜진,수지","주식회사 덱스터 픽쳐스,(주)퍼펙트스톰필름,(주)씨제이이엔엠",",이상원,옥자연,한수현,강신철,이경영,조한철,최광일,김시아,임형국,마이클 레이,로버트 커티스 브라운,자이 데이,잭 라이온스,박주환,남성준,김민식,박지홍,서현우,김준원,남문철,박성근",2
"범죄도시",56322153349,6880546,1315,149389,"2017-10-03","메가박스중앙(주)플러스엠,(주)키위미디어그룹","청소년관람불가","범죄,액션","강윤성","마동석,윤계상","(주)홍필름,(주)비에이엔터테인먼트",",조재윤,최귀화,임형준,진선규,홍기준,허동원,하준,김성규,박지환,허성태,민경진,엄지성,김구택,박상규,유지연,배진아,윤병희,이도군",3
"범죄와의 전쟁: 나쁜놈들 전성시대",36540327500,4720050,713,91892,"2012-02-02","(주)쇼박스","청소년관람불가","범죄,드라마","윤종빈","최민식,하정우","(주)팔레트픽처스,(주)쇼박스",",조진웅,마동석,곽도원,김성균,김종수,김종구,권태원,김혜은,김영선,송영창",2
"베를린",52356534637,7166453,894,111749,"2013-01-30","CJ ENM","15세이상관람가","액션","류승완","하정우,한석규,류승범,전지현,이경영","(주)외유내강,(주)씨제이이엔엠",",존 케오그,너맨 아카,최무성,곽도원,김서형,토마스 디엠,테이펀 베뎀소이,베르너 다엔,배정남",3
"봉오동 전투",40588648538,4787538,1476,107030,"2019-08-07","(주)쇼박스","15세이상관람가","사극,액션,드라마","원신연","유해진,류준열,조우진","(주)빅스톤픽쳐스,(주)더블유픽처스,(주)쇼박스",",키타무라 카즈키,이케우치 히로유키,박지환,최유화,성유빈,이재인,다이고 코타로,원풍연,양현민,홍상표",2
"부러진 화살",25937273000,3459864,530,71593,"2012-01-18","(주)넥스트엔터테인먼트월드(NEW)","15세이상관람가","드라마","정지영","안성기,박원상,나영희,김지호","(주)아우라픽처스",",문성근,이경영,김응수,진경,김준배,박수일",1
"사도",48846045501,6247651,1210,124263,"2015-09-16","(주)쇼박스","12세이상관람가","사극","이준익","송강호,유아인,문근영","(주)타이거픽쳐스",",전혜진,김해숙,박원상,진지희,박소담,서예지,이광일,이대연,강성해,최덕문,정석용,최민철,박명신,조승연,엄지성",2
"설국열차",67012235200,9350323,1128,124858,"2013-08-01","CJ ENM","15세이상관람가","SF,액션","봉준호","크리스 에반스,송강호,에드 해리스,존 허트,틸다 스윈튼,제이미 벨,옥타비아 스펜서,이완 브렘너,알리슨 필,고아성","(주)모호필름,오퍼스픽쳐스(유)",",스티브 박,루크 파스콸리노,케니 도우티,클락 미들튼,블라드 이바노브,아드난 해스커빅,엠마 레비,토마스 레마르퀴스,이고르 주릭,위헬미나 맥패든,타일러 존 윌리엄스",3
"수상한 그녀",62710880849,8658800,1027,136985,"2014-01-22","CJ ENM","15세이상관람가","드라마","황동혁","심은경,나문희,박인환,성동일,이진욱","(주)예인플러스엔터테인먼트,아이앤코스모스(주)시네와이즈필름",",김현숙,황정민,김슬기,진영,하연주,박혜진,정인기,장유,홍석연,박형우,이상언,박승태,한지은,강한샘",3
"숨바꼭질",39602995500,5604106,779,88064,"2013-08-14","(주)넥스트엔터테인먼트월드(NEW)","15세이상관람가","스릴러","허정","손현주,문정희,전미선","(주)드림캡쳐",",김원해,정준원,김수안,김지영,이준혁,노수산나,이영석,이영미,성유빈,엄지성,허남일,리민,이승희,백종우,김정우,정민성,조한철,조시내",2
"스물",23563705686,3044859,926,100167,"2015-03-25","(주)넥스트엔터테인먼트월드(NEW)","15세이상관람가","코미디,드라마","이병헌","김우빈,준호,강하늘","(주)영화나무,(주)아이에이치큐",",정소민,이유비,민효린,정주연",1
"스파이",24512378305,3436012,785,72804,"2013-09-05","CJ ENM","15세이상관람가","액션","이승준","설경구,문소리,다니엘 헤니","(주)제이케이필름,(주)씨제이이엔엠",",고창석,한예리,정인기,라미란,송재호,김지영",1
"신기전",24326346000,3728429,585,78463,"2008-09-04","CJ ENM","15세이상관람가","사극,드라마,액션,전쟁","김유진","정재영,한은정,허준호","(주)시네마서비스글로벌",",안성기,정성모,김명수,이도경,인교진,류현경,서주성,조원희,오순태,신정근,이승근,이창직,최승일,강지은,방수형",1
"신세계",34881330905,4682492,671,90581,"2013-02-21","(주)넥스트엔터테인먼트월드(NEW)","청소년관람불가","범죄,액션","박훈정","이정재,최민식,황정민","(주)사나이픽처스,(주)페퍼민트앤컴퍼니,(주)대명문화공장,(주)파트너스케이",",박성웅,송지효,김윤성,나광훈,박로사,최일화,주진모,장광,권태원,김홍파",2
"신의 한 수",28812027456,3566852,794,77110,"2014-07-03","(주)쇼박스","청소년관람불가","범죄,액션","조범구","정우성,이범수,안성기,김인권,이시영","(주)메이스엔터테인먼트,(주)아지트필름",",안길강,이도경,최진혁,정해균,안서현,김명수,황춘하,이일섭,김세동,김주명,이용녀,유순철,홍성덕,박지훈,윤희철,김소진,유재상",1
"쌍화점",25411823400,3749034,532,72498,"2008-12-30","(주)쇼박스","청소년관람불가","드라마","유하","조인성,주진모,송지효","오퍼스픽쳐스(유)",",심지호,임주환,여욱환,송중기,장지원,김춘기,이종구,권태원,도용구,고인범,함건수,노민우,도예성,박종수",1
"써니",54036428100,7362789,546,149143,"2011-05-04","CJ ENM","15세이상관람가","드라마,코미디","강형철","유호정,심은경,강소라,고수희,김민영,홍진희,박진주,이연경,남보라,김보미,민효린","(주)알로하픽쳐스,(주)토일렛픽쳐스",",김시후,김영옥,정원중,김혜옥,박영서,천우희,하승리,김예원",3
"아가씨",35217052991,4288530,1171,90372,"2016-06-01","CJ ENM","청소년관람불가","스릴러,드라마","박찬욱","김민희,김태리,하정우,조진웅","유한회사 아가씨에프에스,(주)모호필름,(주)용필름",",김해숙,이용녀,이동휘,곽은진,조은형",1
"아이 캔 스피크",25551269986,3283470,1140,93074,"2017-09-21","롯데쇼핑㈜롯데엔터테인먼트,(주)리틀빅픽쳐스","12세이상관람가","코미디","김현석","나문희,이제훈","주식회사 영화사 시선,(주)명필름",",박철민,염혜란,이상희,이지훈,정연주,김소진,김일웅,성유빈,최수인,이재인",1
"아저씨",47102707500,6178452,501,109875,"2010-08-04","CJ ENM","청소년관람불가","액션,드라마","이정범","원빈,김새론","오퍼스픽쳐스(유)",",김태훈,김희원,김성오,이종필,타나용 웡트라쿨,김효서,송영창,황화순,남경읍",2
"악인전",29133760150,3364712,1307,97351,"2019-05-15","(주)에이스메이커무비웍스,(주)키위미디어그룹","청소년관람불가","범죄,액션","이원태","마동석,김무열,김성규","(주)비에이엔터테인먼트",",유승목,최민철,김윤성,허동원,우강민,오희준,문동혁",1
"안시성",46342006026,5441020,1540,110444,"2018-09-19","(주)넥스트엔터테인먼트월드(NEW)","12세이상관람가","사극,액션","김광식","조인성,남주혁,박성웅","(주)영화사수작,(주)스튜디오앤뉴,모티브픽쳐스(주)",",배성우,엄태구,설현,박병은,오대환,정은채,유오성,장광,성동일,여회현,정지훈",2
"암수살인",32998321048,3789553,1177,126128,"2018-10-03","(주)쇼박스","15세이상관람가","범죄,드라마","김태균","김윤석,주지훈","(주)필름295,(주)블러썸픽쳐스",",진선규,정종준,허진,김중기,김영웅,정기섭,이봉련,전국환,김종수,배해선,권소현,원현준",1
"엑시트",79232012162,9426011,1660,202223,"2019-07-31","CJ ENM","12세이상관람가","코미디,액션","이상근","조정석,윤아","(주)외유내강,(주)필름케이",",고두심,박인환,김지영,강기영,김종구,김병순,황효은,이봉련,정민성,박성일,배유람,유수빈,신세휘,김강훈",3
"역린",29894266890,3849552,1054,83299,"2014-04-30","롯데쇼핑㈜롯데엔터테인먼트","15세이상관람가","사극","이재규","현빈,정재영,조정석,조재현,한지민","굿초이스컷픽쳐스(주),(주)파파스필름",",김성령,박성웅,정은채,송영창,이도경,서이숙,김민재,김대명,김주완,유은미,성유빈,천보근,구승현,이재희,전국향,문지현,김창회",1
"연가시",32175400664,4515833,759,71928,"2012-07-05","CJ ENM","15세이상관람가","공포(호러),SF","박정우","김명민,문정희,김동완,이하늬","(주)오죤필름",",엄지성,염현서,강신일,조덕현,전국환,최정우,이형철,정인기,송영창,김세동,조한철,민경진",2
"연평해전",45567290830,6044956,1013,114487,"2015-06-24","(주)넥스트엔터테인먼트월드(NEW)","12세이상관람가","드라마","김학순","김무열,진구,이현우","(주)로제타시네마",",김지훈,장준학,주희중,이완,김하균,한이진,강한샘,김동범,이철민,박정학,천민희,이재원,김동현,황인무,한강일,서동건,이한종,유형균,김선길,최건영,정해민,조하늘,김충길,서상원,황세정,장의수,권화운",2
"오싹한 연애",22010977000,3009356,544,62913,"2011-12-01","CJ ENM","12세이상관람가","공포(호러),멜로/로맨스,코미디","황인호","손예진,이민기","상상필름(주)",",박철민,김현숙,이미도,신성훈,윤지민,황승언,이현진",1
"완득이",38533069000,5311232,629,117847,"2011-10-20","CJ ENM","12세이상관람가","드라마","이한","김윤석,유아인","(주)유비유필름,어나더픽쳐스(주)",",박수영,이자스민,김상호,김영재,박효주,강별,김동영",2
"완벽한 타인",44356976474,5294154,1325,143075,"2018-10-31","롯데컬처웍스(주)롯데엔터테인먼트","15세이상관람가","드라마,코미디","이재규","유해진,조진웅,이서진,염정아,김지수,송하윤,윤경호","(주)필름몬스터,드라마하우스(주)",",지우",2
"용의자",30037521000,4131338,807,69124,"2013-12-24","(주)쇼박스","15세이상관람가","액션,스릴러","원신연","공유,박희순,조성하,유다인,김성균,조재윤","(주)그린피쉬,(주)쇼박스",",박지일,김민재,김의성,원풍연,원진,송재림,최종률,남보라,기주봉,조석현,이용직,최태환",1
"우리 생애 최고의 순간",26119898000,4018872,418,70724,"2008-01-10","(주)싸이더스","전체관람가","드라마","임순례","문소리,김정은,엄태웅,김지영,조은지,차민지","(주)엠케이픽처스",",남궁,이미도,조영진,이봉규,정석용,하정우,최욱,정세형,김강민,김종언",1
"웰컴 투 동막골",40328508500,6436508,356,72108,"2005-08-04","(주)쇼박스","12세관람가","전쟁,드라마","박광현","정재영,신하균,강혜정","필름있수다,(주)쇼박스","임하룡,서재경,류덕환,스티브 태슐러,정재진,이용이,박남희,조덕현,유승목,심원철,강현중,리민,고관재,권오민,홍예인",2
"은밀하게 위대하게",48700887413,6959083,1341,117461,"2013-06-05","(주)쇼박스","15세이상관람가","액션,코미디,드라마","장철수","김수현,박기웅,이현우,손현주","(주)엠씨엠씨",",박혜숙,고창석,김성균,장광,신정근,홍경인,이채영,최우식,구승현,조용진,이연경,엄태구,리민,조영진,윤원석,박정기,고인범,김법래",3
"의형제",40153817000,5416829,569,118250,"2010-02-04","(주)쇼박스","15세이상관람가","드라마,액션","장훈","송강호,강동원","(주)쇼박스,(주)다세포클럽,루비콘픽쳐스㈜",",전국환,박혁권,윤희석,최정우,권범택,정인기,조석현,차엽",2
"이끼",25437300500,3350303,740,58198,"2010-07-14","CJ ENM","청소년관람불가","드라마,스릴러","강우석","정재영,박해일,유준상,유선,허준호,유해진,김상호,김준배","(주)시네마서비스,㈜렛츠필름,(주)시네마서비스글로벌",",강신일,임승대,정규수,이철민,오순태,윤아름",1
"인천상륙작전",55105606303,7050475,1049,97032,"2016-07-27","CJ ENM","12세이상관람가","전쟁,드라마","이재한","이정재,이범수,리암 니슨,진세연","(주)태원엔터테인먼트",",정준호,박철민,김병옥,존 그리스,길금성,신수항,김희진,정민지,김수오,함형기,이나경,이충구,성혁,고윤,장준학,션 리차드,저스틴 러플,진용욱,박정원,양범,이해준,조지 비셋,윤석진,김중희,윤다영,반세정,조원희,송경철,김중기,이창세,김제열,론 로만,매튜 도마,다미렌 퍼타도,트로이 마크 지젤스버거,아키라",3
"전우치",44092783000,6065369,612,102356,"2009-12-23","CJ ENM","12세이상관람가","액션,코미디,판타지","최동훈","강동원,김윤석,임수정,유해진","영화사 집",",송영창,주진모,김상호,선우선,공정환,권태원,이숙,박남희,이용녀,김기천",2
"조선명탐정 : 각시투구꽃의 비밀",35841769500,4786259,634,84189,"2011-01-27","(주)쇼박스","12세이상관람가","코미디,액션","김석윤","김명민,오달수,한지민","청년필름(주)",",이재용,우현,예수정,최무성,정인기",2
"조선명탐정 : 사라진 놉의 딸",30456879428,3872015,825,80499,"2015-02-11","(주)쇼박스","12세이상관람가","사극,코미디,어드벤처","김석윤","김명민,오달수,이연희","청년필름(주)",",조관우,정원중,이채은,황채원,황정민,우현,최무성",1
"좋은 놈, 나쁜 놈, 이상한 놈",43754257000,6685845,824,93574,"2008-07-17","CJ ENM","15세이상관람가","서부극(웨스턴),액션,어드벤처","김지운","송강호,이병헌,정우성","(주)다크서클픽쳐스,(주)바른손이앤에이",",윤제문,류승수,송영창,손병호,오달수,이청아",3
"청년경찰",44382020516,5653444,1102,118547,"2017-08-09","롯데쇼핑㈜롯데엔터테인먼트","15세이상관람가","액션","김주환","박서준,강하늘","(주)무비락,(주)도서관옆스튜디오,베리굿스튜디오(주)",",성동일,박하선,고준,이호정,조준",2
"최종병기 활",55827861500,7470633,615,130054,"2011-08-10","롯데쇼핑㈜롯데엔터테인먼트","15세이상관람가","사극,액션","김한민","박해일,류승룡,김무열,문채원","(주)디씨지플러스,(주)다세포클럽",",이한위,김구택,이경영,박기웅,이승준,이재구,박노식,이다윗,전민서,오타니 료헤이,김현태,강태영,문영동,조하석,김길동,정제우,서동구,지건우",3
"추격자",33986959000,5046096,433,106805,"2008-02-14","(주)쇼박스","청소년관람불가","범죄,스릴러,액션","나홍진","김윤석,하정우","(주)영화사비단길",",서영희,구본웅,김유정,정인기,박효주,최정우,민경진",2
"친절한 금자씨",20483051393,3119682,386,41438,"2005-07-29","CJ ENM","18세관람가","스릴러","박찬욱","이영애,최민식","(주)모호필름",",권예영,김시후,남일우,김병옥,오달수,이승신,김부선,라미란",1
"퀵",22960890000,3125069,514,60714,"2011-07-20","CJ ENM","15세이상관람가","코미디,액션","조범구","이민기,강예원,김인권,고창석","(주)제이케이필름,(주)씨제이이엔엠",",주진모,김병철,김은옥,윤제문,유승목,마동석,송재호,전국환,오정세",1
"타워",37654858000,5181014,638,81147,"2012-12-25","CJ ENM","12세이상관람가","드라마","김지훈","설경구,손예진,김상경","(주)씨제이이엔엠,(주)더타워픽쳐스",",김인권,안성기,송재호,이주실,이한위,권태원,전국향,정인기,차인표,전배수,박준혁,김성오,민영,이주하,도지한,조민아,이현조,권현상,김수진,이창용,박호영,박재웅",2
"타짜",36181314700,5685521,492,76884,"2006-09-28","CJ ENM","18세관람가","드라마","최동훈","조승우,김혜수,백윤식,유해진","(주)싸이더스,(주)영화사참",",김응수,김상호,김윤석,주진모,김경익,이수경,김정난,권태원,조상건,백도빈,서동수",2
"타짜-신의 손",32373120927,4015361,890,80584,"2014-09-03","롯데쇼핑㈜롯데엔터테인먼트,(주)싸이더스","청소년관람불가","드라마","강형철","T.O.P,신세경,곽도원,이하늬","(주)싸이더스",",유해진,김윤석,이경영,김인권,오정세,고수희,박효주,고준,이동휘,김원해,이준혁,김민상,조경현,손상경,박수영,임정은,정윤석",1
"탐정: 리턴즈",26909514678,3152895,1137,107909,"2018-06-13","CJ ENM","15세이상관람가","코미디,범죄","이언희","권상우,성동일,이광수","(주)크리픽쳐스",",서영희,남명렬,최덕문,손담비,이일화,최성원,박성일,정연주,오희준,김성규,김중기,이청희,김용준,박성연,홍서백,홍은택",1
"태풍",22209675300,3471150,481,47155,"2005-12-14","CJ ENM","15세관람가","드라마,액션","곽경택","장동건,이정재,이미연,김갑수","CJ ENM",",데이비드 맥기니스,차트하퐁 판타나운쿨,허욱,선호진,강신성일,박찬영,김란흔,민지환",1
"터널",57530028417,7120780,1105,113214,"2016-08-10","(주)쇼박스","12세이상관람가","드라마","김성훈","하정우,배두나,오달수","(주)어나더썬데이,(주)비에이엔터테인먼트",",정석용,박혁권,남지현,신정근,조현철,유승목,이철민",3
"투사부일체",31959686000,5074314,407,54339,"2006-01-19","CJ ENM","15세관람가","코미디","김동원","정준호,김상중,정웅인,정운택","(주)시네마제니스",",강성필,최윤영,한효주,박용기,임세호,박용식,이기열,전창걸",2
"판도라",36067171064,4584800,1184,100270,"2016-12-07","(주)넥스트엔터테인먼트월드(NEW)","12세이상관람가","드라마,스릴러","박정우","김남길,김주현,정진영,김영애,문정희,김대명","(주)씨에이씨엔터테인먼트",",이경영,강신일,유승목,주진모,송영창,김영웅,배강유,김세동,김한종,박대원,심성효,박선희,박팔영,최효상,공정환,권홍석,허선행,심영민,조덕현,손종학,김종구,장준녕,조한철,임승대,송영규,강석원,곽민석,정인기,백도빈,주석태,최명진,김태훈,강태식,이승준,어성욱,송철호,형원,김태현,박용,이태형,강지원,오예설",2
"포화속으로",23831968600,3330326,742,80093,"2010-06-16","롯데쇼핑㈜롯데엔터테인먼트","12세이상관람가","드라마,전쟁","이재한","차승원,권상우,T.O.P,김승우","(주)태원엔터테인먼트,(주)유비유필름,(주)에이치 플러스",",김혜성,구성환,신현탁,문재원,김동범,김윤성,탁트인,윤승훈,김호원,김한준,조중휘,박태주,조원희,라경덕,황준영,김태환",1
"하모니",21641865000,3018154,384,77732,"2010-01-28","CJ ENM","12세이상관람가","드라마","강대규","김윤진,나문희,강예원,이다희,장영남,박준면,정수영","(주)제이케이필름",",이태경,문경민,도용구,지성원,차진혁,박혜진",1
"한반도",20597497600,3331593,483,49539,"2006-07-13","CJ ENM","15세관람가","드라마,액션","강우석","조재현,차인표,안성기,문성근,강신일","(주)시네마서비스글로벌",",김상중,강수연,독고영재,백일섭,최일화,박용수,이도련,이한위,박길수",1
"해적: 바다로 간 산적",66372140706,8666208,910,133354,"2014-08-06","롯데쇼핑㈜롯데엔터테인먼트","12세이상관람가","어드벤처","이석훈","김남길,손예진","(주)하리마오픽쳐스",",유해진,이경영,오달수,김태우,박철민,신정근,김원해,조달환,조희봉,정성화,최진리,이이경,안내상,김경식,이대연",3
"헬로우 고스트",22056966500,3019780,472,57578,"2010-12-22","(주)넥스트엔터테인먼트월드(NEW)","12세이상관람가","코미디,드라마","김영탁","차태현,강예원,이문수,고창석,장영남,천보근","(주)워터앤트리",",공호석,정규수,김진성,구승현",1
"화려한 휴가",44098519600,6855314,551,96528,"2007-07-25","CJ ENM","12세이상관람가","드라마","김지훈","김상경,안성기,이요원,이준기","기획시대(주)",",박철민,박원상,송재호,나문희,권태원,엄효섭,박용수,이얼,손병호",3
"히말라야",60175363015,7759761,1095,142715,"2015-12-16","CJ ENM","12세이상관람가","드라마","이석훈","황정민,정우","(주)제이케이필름",",조성하,김인권,라미란,김원해,이해영,전배수,정규수,성병숙",3
